Metodo,AUC
Noisy,0.5696716417910448
ZNE Mitigated,0.571820895522388
