Modello,AUC
Noisy (Base),0.5696716417910448
ZNE Mitigated,0.571820895522388
Repetition Protected,0.47916666666666663
