model,split,threshold_from_val,roc_auc,pr_auc,accuracy@threshold,f1@threshold
output_stage_unprotected,train,0.2,0.7808857808857809,0.5019136166863439,0.22,0.36065573770491804
output_stage_unprotected,val,0.2,0.5190972222222222,0.4109429543624912,0.36,0.5294117647058824
output_stage_unprotected,test,0.2,0.4023769100169779,0.34996604256476926,0.38,0.5507246376811594
output_stage_repetition_protected,train,0.42500000000000004,0.7808857808857809,0.5019136166863439,0.4,0.4
output_stage_repetition_protected,val,0.42500000000000004,0.5190972222222222,0.4109429543624912,0.5,0.5454545454545454
output_stage_repetition_protected,test,0.42500000000000004,0.4023769100169779,0.34996604256476926,0.34,0.4406779661016949
