model,roc_auc,pr_auc,accuracy@0.5,f1@0.5
unprotected,0.532967032967033,0.37523258904837853,0.55,0.47058823529411764
repetition_protected,0.532967032967033,0.37523258904837853,0.55,0.47058823529411764
